,artist,album,track_name,track_id,release_date,danceability,energy,key,loudness,mode,speechiness,instrumentalness,liveness,valence,tempo,duration_ms,time_signature
0,Miley Cyrus,The Time Of Our Lives,Party In The U.S.A.,5Q0Nhxo0l2bP3pNjpGJwV1,2009-01-01,0.652,0.698,10,-4.667,0,0.042,0.000115,0.0886,0.47,96.021,202067,4
1,Rihanna,Loud,What's My Name?,5FTCKvxzqy72ceS4Ujux4N,2010-11-16,0.692,0.786,2,-2.959,1,0.069,0.0,0.0797,0.583,100.025,263173,4
2,Train,"Hey, Soul Sister","Hey, Soul Sister",0KpfYajJVVGgQ32Dby7e9i,2009-08-06,0.675,0.885,1,-4.432,0,0.0436,0.0,0.086,0.768,97.03,216667,4
3,Justin Bieber,My World,One Time,6eDApnV9Jdb1nYahOlbbUh,2009-01-01,0.691,0.853,1,-2.528,0,0.0372,7.13e-05,0.082,0.762,145.999,215867,4
4,Taio Cruz,Rokstarr (International Version),Dynamite,0bg6otrW5gxNnlCqrCrXyd,2010-05-28,0.754,0.804,4,-3.177,1,0.0853,0.0,0.0329,0.818,119.968,203867,4
5,Miley Cyrus,The Time Of Our Lives (International Version),The Climb,5x5JM1BSB6vollcIzDocqT,2009-01-01,0.336,0.602,4,-6.354,1,0.0325,0.0,0.141,0.299,161.01,234520,4
6,Katy Perry,One Of The Boys,Hot N Cold,0iGckQFyv6svOfAbAY9aWJ,2008-06-17,0.706,0.841,7,-3.956,1,0.0418,0.0,0.0688,0.861,132.032,220227,4
7,Christina Perri,Jar Of Hearts,Jar Of Hearts,1QO5Hxv3JmP27MTBg8lQ9p,2010-06-11,0.39,0.359,3,-5.441,1,0.0305,0.0,0.103,0.0948,74.857,247002,4
8,Lady Gaga,The Fame,Poker Face,1QV6tiMFM6fSOKOGLMHYYg,2008-01-01,0.851,0.806,4,-4.62,1,0.0787,1.64e-06,0.121,0.787,118.999,237200,4
9,B.o.B,B.o.B Presents: The Adventures of Bobby Ray,Airplanes (feat. Hayley Williams of Paramore),6lV2MSQmRIkycDScNtrBXO,2010-04-27,0.66,0.867,6,-4.285,0,0.116,0.0,0.0368,0.377,93.033,180480,4
10,Jason Mraz,We Sing. We Dance. We Steal Things.,I'm Yours,1EzrEOXmMH3G43AXT1y7pA,2008-05-12,0.703,0.444,11,-9.331,1,0.0417,0.0,0.0973,0.712,150.96,242947,4
11,Katy Perry,Teenage Dream: The Complete Confection,Firework,4lCv7b86sLynZbXhfScfm2,2012-03-12,0.638,0.826,8,-4.968,1,0.0479,0.0,0.0803,0.649,124.072,227880,4
12,Jason Derulo,It Girl,It Girl,2giHiZTf7a3UKkYvENgavP,2011-08-09,0.668,0.718,1,-4.736,0,0.0605,0.0,0.104,0.345,91.993,192200,4
13,Katy Perry,California Gurls (feat. Snoop Dogg),California Gurls - feat. Snoop Dogg,0uslfroVWg7qGWhdduwC0K,2010,0.791,0.76,0,-3.785,1,0.0503,0.0,0.127,0.444,125.04,236253,4
14,Katy Perry,Teenage Dream: The Complete Confection,Teenage Dream,55qBw1900pZKfXJ6Q9A2Lc,2012-03-12,0.719,0.804,10,-4.581,1,0.0355,3.02e-06,0.139,0.605,119.999,227760,4
15,Black Eyed Peas,THE E.N.D. (THE ENERGY NEVER DIES),I Gotta Feeling,4vp2J1l5RD4gMZwGFLfRAu,2009-01-01,0.743,0.766,0,-6.375,1,0.0265,0.0,0.509,0.61,127.96,289133,4
16,Far East Movement,Free Wired,Like A G6,4DvhkX2ic4zWkQeWMwQ2qf,2010-01-01,0.435,0.837,3,-8.126,1,0.449,0.0,0.117,0.778,124.913,216893,4
17,Nicki Minaj,Pink Friday,Super Bass,7gKIt3rDGIMJDFVSPBnGmj,2010-01-01,0.721,0.867,11,-4.302,1,0.196,2.87e-06,0.503,0.639,127.033,200013,4
18,The Band Perry,The Band Perry,If I Die Young,4u26EevCNXMhlvE1xFBJwX,2010-01-01,0.606,0.497,4,-6.611,1,0.0277,0.0,0.275,0.362,130.739,222773,4
19,Rihanna,Only Girl (In The World),Only Girl (In The World),3YJlTDtUXu1sGh8lunblkG,2010-09-10,0.768,0.738,11,-3.017,0,0.0406,3.01e-05,0.0561,0.685,125.928,235853,4
20,Jessie J,Price Tag,Price Tag,7nqlRkgNyEpb9nvb03GMp7,2011-01-01,0.447,0.839,5,-3.948,1,0.254,1.76e-06,0.189,0.677,174.959,221240,4
21,fun.,Some Nights,We Are Young (feat. Janelle Monáe),7a86XRg84qjasly9f6bPSD,2012-02-21,0.378,0.638,10,-5.576,1,0.075,7.66e-05,0.0849,0.735,184.086,250627,4
22,Maroon 5,Payphone,Payphone,0iyEaciAmtiv8xMkBg97Fy,2012-01-01,0.745,0.756,4,-4.749,1,0.0429,0.0,0.356,0.495,109.999,231467,4
23,Katy Perry,Teenage Dream,Last Friday Night (T.G.I.F.),3oHNJECGN3bBoGXejlw2b1,2010-08-24,0.652,0.812,3,-3.797,0,0.0409,3.01e-05,0.667,0.72,126.023,230733,4
24,Selena Gomez & The Scene,Who Says,Who Says,7LJommP4aYbHwe6zPzpLyi,2011-01-01,0.709,0.907,4,-4.844,1,0.0386,0.0,0.221,0.769,101.004,195200,4
25,Adele,Rolling In The Deep,Rolling in the Deep,5xPazRvyrkVootu8pM9vUG,2010-11-30,0.73,0.77,8,-5.114,1,0.0298,0.0,0.0473,0.507,104.948,228093,4
26,Soulja Boy,Crank That (Soulja Boy),Crank That (Soulja Boy),4iNkk2qPPXC1MAZdVUq810,2007-01-01,0.74,0.722,0,-2.149,1,0.0791,0.0,0.074,0.841,140.139,222653,4
27,Maroon 5,Hands All Over,"Moves Like Jagger - Studio Recording From ""The Voice"" Performance",7LcfRTgAVTs5pQGEQgUEzN,2010,0.722,0.758,11,-4.477,0,0.0471,0.0,0.308,0.62,128.047,201160,4
28,Jason Mraz,I Won't Give Up,I Won't Give Up,05pKAafT85jeeNhZ6kq7HT,2012-01-03,0.585,0.303,4,-10.058,1,0.0398,0.0,0.115,0.142,136.703,240166,3
29,Selena Gomez,Come & Get It,Come & Get It,7Gkphzdh5ouurEt7JT49Yu,2013-01-01,0.548,0.788,7,-4.115,0,0.0495,0.000167,0.0966,0.576,80.047,231733,4
30,P!nk,The Truth About Love,Just Give Me a Reason (feat. Nate Ruess),1mKXFLRA179hdOWQBwUk9e,2012-09-18,0.778,0.547,2,-7.273,1,0.0489,0.000302,0.132,0.441,95.002,242733,4
31,Macklemore & Ryan Lewis,Thrift Shop (feat. Wanz),Thrift Shop (feat. Wanz),1CmUZGtH29Kx36C1Hleqlz,2012-08-01,0.781,0.526,6,-6.985,0,0.293,0.0,0.0457,0.662,94.992,235613,4
32,Katy Perry,PRISM (Deluxe),Roar,3bDGwl0X3EjQmIyFD1uif5,2013-01-01,0.56,0.756,7,-4.817,0,0.0415,1.29e-05,0.55,0.404,179.771,223546,4
33,OneRepublic,Native (Deluxe),Counting Stars,519uJbE3zyKLlToVA65PrP,2013-01-01,0.665,0.7,1,-4.946,0,0.042,0.0,0.119,0.473,121.961,257267,4
34,One Direction,Midnight Memories (Deluxe),Story of My Life,4nVBt6MZDDP6tRVdQTgxJg,2013-11-25,0.6,0.663,3,-5.802,1,0.0477,0.0,0.119,0.286,121.07,245493,4
35,Ed Sheeran,The A Team,The A Team,2vBF8A6n0REigm7RSUM65S,2011-05-01,0.626,0.286,9,-9.933,1,0.0374,0.0,0.134,0.366,84.954,258588,4
36,Rihanna,We Found Love,We Found Love,1bLG2x4ePXBr6TXFBOmXRk,2011-01-01,0.744,0.741,1,-4.981,1,0.0572,0.00256,0.0928,0.562,128.023,215760,4
37,Katy Perry,PRISM (Deluxe),Unconditionally,4fwbGKNExPtPHbor1TBSY4,2013-10-18,0.397,0.725,7,-4.862,1,0.043,0.0,0.208,0.358,128.861,228879,4
38,Katy Perry,Teenage Dream: The Complete Confection,Wide Awake,5JLv62qFIS1DR3zGEcApRt,2012-03-12,0.514,0.683,5,-5.099,1,0.0367,2.64e-06,0.392,0.575,159.814,220947,4
39,Katy Perry,Teenage Dream: The Complete Confection,Part Of Me,1nZzRJbFvCEct3uzu04ZoL,2012-03-12,0.678,0.918,5,-4.63,1,0.0355,0.0,0.0744,0.769,130.028,216160,4
40,Tove Lo,Habits (Stay High),Habits (Stay High),70AoHzwXbJBdz3DZ5fSDfY,2014-03-03,0.691,0.712,5,-3.421,1,0.0327,2.73e-05,0.0896,0.421,110.007,208000,4
41,Fall Out Boy,Centuries,Centuries,1N1JEeVv5TO2wQpk7vGVLs,2014-09-09,0.346,0.844,9,-3.164,0,0.0857,0.0,0.113,0.401,175.997,231813,4
42,Vance Joy,God Loves You When You're Dancing,Riptide,423RKXolCbgBbkF8WanOwA,2013-09-03,0.484,0.731,1,-6.694,1,0.0379,0.0,0.151,0.51,101.654,204280,4
43,Fetty Wap,Fetty Wap (Deluxe),Trap Queen,2d8JP84HNLKhmd6IYOoupQ,2015-09-25,0.746,0.873,7,-3.803,1,0.128,0.0,0.354,0.817,148.075,222093,4
44,Ed Sheeran,x (Deluxe Edition),Thinking out Loud,34gCuhDGsG4bRPIf9bb02f,2014-06-21,0.781,0.445,2,-6.061,1,0.0295,0.0,0.184,0.591,78.998,281560,4
45,OneRepublic,Feel Again,Feel Again,6nmVeODcBpsGKx5RPv003D,2012-01-01,0.474,0.818,7,-7.513,0,0.0541,3.56e-06,0.105,0.353,139.933,185613,4
46,Selena Gomez,For You EP,The Heart Wants What It Wants,5f98TzvnLY1wy3ZgHKQSJN,2015-01-01,0.616,0.789,7,-4.874,0,0.0377,0.0,0.142,0.621,83.066,227360,4
47,Selena Gomez,Stars Dance (Bonus Track Version),Slow Down,2OsEJFTfzfjG4oC92cuP2c,2013-01-01,0.722,0.821,1,-3.856,0,0.165,0.0,0.631,0.721,127.944,210293,4
48,Selena Gomez,Stars Dance (Bonus Track Version),Birthday,345HZXxfL8S8HkVzytD1Pw,2013-01-01,0.642,0.839,1,-2.7,0,0.0455,0.0,0.534,0.419,106.969,200640,4
49,Selena Gomez,Stars Dance (Bonus Track Version),Like A Champion,6vftvAdsEAAJTGQrUmHnei,2013-01-01,0.705,0.903,9,-4.091,0,0.118,0.0,0.185,0.935,90.001,175760,4
50,Selena Gomez,For You,Love You Like A Love Song,7lAoovVf67mECK18oOpJbc,2014-11-21,0.858,0.677,1,-3.842,0,0.047,0.0,0.0757,0.922,117.011,188453,4
51,Selena Gomez,For You,Who Says,6dn9ndETOjczUSQO5UhKJa,2014-11-21,0.676,0.923,4,-2.849,1,0.0508,0.0,0.147,0.725,101.025,195267,4
52,Selena Gomez,For You,Round & Round,1Tfix64VDRzgF4jLApxgsy,2014-11-21,0.526,0.703,0,-4.086,1,0.0772,0.0,0.648,0.511,127.939,185880,4
53,Hannah Montana,Hannah Montana 2 / Meet Miley Cyrus,Nobody's Perfect - From “Hannah Montana 2”,1GBknQ67DCfKTPms1dw9EW,2007-01-01,0.594,0.977,8,-4.193,1,0.0646,3.49e-06,0.309,0.793,131.976,200827,4
54,Various Artists,Hannah Montana The Movie,Hoedown Throwdown,6ntkwU1MhehTKgx4BWxX3f,2009-01-01,0.738,0.804,10,-6.018,0,0.0608,0.0,0.297,0.791,109.045,181013,4
55,Lemonade Mouth,Lemonade Mouth,"Determinate - From ""Lemonade Mouth""",4qEoqyPbLYnLOii6mKlIjI,2011-01-01,0.562,0.768,1,-5.006,0,0.0488,0.0,0.0742,0.218,139.968,198107,4
56,Lemonade Mouth,Lemonade Mouth,Turn Up the Music,4bb2UdCvi9LynD4rWvE06T,2011-01-01,0.531,0.827,7,-3.7,1,0.081,1.84e-06,0.074,0.801,183.977,176600,4
57,Lemonade Mouth,Lemonade Mouth,Somebody,0KXvGydCYbBgHUlqrDbz3N,2011-01-01,0.459,0.734,6,-4.587,1,0.0374,0.0,0.0743,0.289,164.583,208867,4
58,Lemonade Mouth,Lemonade Mouth,And the Crowd Goes,6Pc3MYTmPPppZWgwYeC7iM,2011-01-01,0.433,0.908,11,-3.019,1,0.0605,0.0,0.287,0.697,180.174,167867,4
59,Lemonade Mouth,Lemonade Mouth,She's So Gone,4DTrKnvkHtwQN6kBu4XXIF,2011-01-01,0.518,0.861,11,-4.002,1,0.0673,1.42e-06,0.249,0.457,141.986,186453,4
60,Lemonade Mouth,Lemonade Mouth,More Than a Band,5795tkQ1pTLZ2D3jctqhdQ,2011-01-01,0.458,0.41,2,-6.321,1,0.0254,0.0,0.262,0.374,155.844,160307,3
61,Lemonade Mouth,Lemonade Mouth,Don't Ya Wish U Were Us?,4gOBYkyz05KP7bKauYuepf,2011-01-01,0.692,0.926,0,-3.376,0,0.0917,0.0,0.08,0.498,99.635,199627,4
62,Lemonade Mouth,Lemonade Mouth,Breakthrough,7eAWmk6IDva2iA0q2Wx9Lv,2011-01-01,0.638,0.875,1,-4.123,1,0.0344,0.0,0.0667,0.698,111.999,207280,4
63,Various Artists,Hannah Montana The Movie,The Climb,0V8FYVlBFuXXTIvRnMbZyS,2009-01-01,0.327,0.588,4,-6.611,1,0.0336,0.0,0.104,0.329,161.074,236067,4
64,Various Artists,Camp Rock,This Is Me,5pomCBdsTZSDCFHH8BAUQe,2008-01-01,0.421,0.821,1,-2.783,1,0.0372,0.0,0.1,0.594,91.245,189173,4
65,Various Artists,Wizards of Waverly Place,Everything Is Not As It Seems - Series Theme Song,5U4wYRHrCRxRP6iQfM824C,2009-01-01,0.796,0.766,5,-5.937,0,0.0919,0.0,0.0946,0.921,124.896,50613,4
66,Cast Of 'Camp Rock 2',Camp Rock 2: The Final Jam,"Introducing Me - From ""Camp Rock 2: The Final Jam""",74tQaH4CxM5Rs9BzerEbHr,2010-01-01,0.513,0.496,11,-6.049,1,0.0511,0.0,0.106,0.676,113.072,186893,4
67,Cast Of 'Camp Rock 2',Camp Rock 2: The Final Jam,"Can't Back Down - From ""Camp Rock 2: The Final Jam""",51NrdlQOSTeq0d6U7xRKsz,2010-01-01,0.637,0.849,8,-4.348,1,0.0957,0.0,0.0847,0.699,120.052,199933,4
68,Selena Gomez & The Scene,A Year Without Rain,Round & Round,5RhxBpoCwX2vLBcSJzYa5j,2010-01-01,0.545,0.686,10,-4.081,1,0.0665,0.0,0.477,0.486,127.996,186493,4
69,Rihanna,Unapologetic (Deluxe),Diamonds,4JQSMg83F8qYwSBt5xOXsQ,2012-12-10,0.564,0.71,11,-4.92,0,0.0461,0.0,0.109,0.393,91.972,225147,4
70,Demi Lovato,Demi,Heart Attack,1V6gIisPpYqgFeWbMLI0bA,2013-01-01,0.504,0.785,8,-4.802,1,0.104,0.0,0.239,0.502,173.968,210840,4
71,Nicki Minaj,Pink Friday ... Roman Reloaded,Starships,1oHNvJVbFkexQc0BpQp7Y4,2011-01-01,0.747,0.716,11,-2.457,0,0.075,0.0,0.251,0.751,125.008,210627,4
72,Ariana Grande,Yours Truly,The Way,06EL94D0TA27Ik0Ke5usbj,2013-01-01,0.645,0.877,5,-3.208,0,0.113,0.0,0.0759,0.861,82.324,227027,4
73,Miley Cyrus,Bangerz (Deluxe Version),Wrecking Ball,2vwlzO0Qp8kfEtzTsCXfyE,2013-10-04,0.53,0.422,5,-6.262,1,0.0342,0.0,0.107,0.349,119.964,221360,4
74,Hannah Montana,Hannah Montana 3,He Could Be the One,07HPV6hzecJmMJwsIX8YVU,2009-01-01,0.602,0.894,4,-3.975,1,0.032,0.0,0.433,0.643,125.988,180800,4
75,Various Artists,Wizards of Waverly Place,Magic,10xcIQQEJSEIOgG1HvS3t9,2009-01-01,0.6,0.916,11,-3.071,0,0.0374,0.0,0.27,0.442,104.091,169640,4
76,Various Artists,Hannah Montana The Movie,Butterfly Fly Away,2ZTCl6wQMDSMfY4s8GHZdj,2009-01-01,0.607,0.281,11,-12.632,1,0.0258,0.000123,0.29,0.468,134.977,189240,4
77,Bella Thorne,"TTYLXOX (From ""Shake It Up: Live 2 Dance"")",TTYLXOX,1nIDYHvLaZnD5lEf66SH80,2012-01-01,0.819,0.683,7,-6.144,1,0.156,0.122,0.254,0.671,112.007,154773,4
78,Selena Gomez & The Scene,Kiss & Tell,Naturally,1YaVmBh7EAeR54FIjuFcb5,2009-01-01,0.605,0.902,10,-5.406,0,0.0511,1.01e-06,0.0534,0.875,132.612,202587,4
79,Justin Bieber,My World,One Less Lonely Girl,69ghzc538EQSVon2Gm3wrr,2009-01-01,0.58,0.75,4,-4.421,1,0.194,0.0,0.274,0.728,86.938,229107,4
80,Zendaya,"Something to Dance For (From ""Shake It Up: Live 2 Dance"")",Something To Dance For,0WcBvAA59kSYFHeqy0fpZp,2012-01-01,0.67,0.939,1,-5.579,0,0.0647,3.18e-05,0.316,0.441,129.997,163267,4
81,Selena Gomez,Tell Me Something I Don't Know,Tell Me Something I Don't Know,08kCck8nAJJEmxg0gXaJot,2008-08-05,0.601,0.939,7,-3.696,0,0.113,0.0,0.118,0.688,144.981,201427,4
82,Bridgit Mendler,Hello My Name Is...,Hurricane,7gQ5c5HY6zMsIck6QLY9dJ,2012-01-01,0.757,0.825,7,-4.062,0,0.0701,2.63e-06,0.0798,0.446,95.01,243987,4
83,Cast of Shake It Up: Live 2 Dance,Shake It Up: Live 2 Dance (Deluxe Edition),Something To Dance For / TTYLXOX Mash-Up,1EZGDhT5ZobdPNYVS7W1oe,2012-03-20,0.521,0.879,1,-5.777,0,0.224,0.0025,0.255,0.529,112.051,164133,4
84,Various Artists,A.N.T. Farm,Exceptional,6cDQo6MvkQJbp2xlZx6uJc,2011-10-11,0.675,0.888,11,-4.58,1,0.0428,0.000292,0.197,0.901,129.975,175707,4
85,Various Artists,Make Your Mark: Ultimate Playlist,Hang In There Baby,4pHc3XmEBQ1wsQll68VsUj,2012-10-16,0.481,0.872,10,-3.879,1,0.0389,0.00046,0.112,0.619,150.988,162320,4
86,Bella Thorne,"Fashion Is My Kryptonite (from ""Shake It Up: Made In Japan"")","Fashion Is My Kryptonite (from ""Shake It Up: Made In Japan"")",7H9vfjM5tu6TX2ClilT3u7,2012-01-01,0.726,0.848,7,-4.2,1,0.0376,0.000573,0.248,0.73,125.042,164613,4
87,Zendaya,Zendaya,Replay,7d1CFwrBmH34gmS0Hkbfbt,2013-01-01,0.688,0.723,6,-6.682,0,0.121,0.0002,0.302,0.618,140.023,209187,4
88,Victorious Cast,Victorious 3.0: Even More Music From The Hit TV Show,Here's 2 Us,3n5TN5s5NFWatzrsFmQOse,2012-11-06,0.614,0.84,9,-4.624,1,0.041,0.0,0.119,0.791,119.014,201960,4
89,Taylor Swift,Fearless,Love Story,1vrd6UOGamcKNGnSHJQlSt,2008-11-11,0.618,0.741,2,-3.95,1,0.031,0.0,0.0822,0.296,118.984,235267,4
90,Taylor Swift,Fearless,You Belong With Me,3GCL1PydwsLodcpv0Ll1ch,2008-11-11,0.687,0.783,6,-4.44,1,0.0386,1.35e-05,0.114,0.443,129.964,231133,4
91,Taylor Swift,Fearless,White Horse,6wn61Fzx9XMxQmieLpoIhW,2008-11-11,0.578,0.34,0,-8.027,1,0.0264,0.0,0.104,0.223,92.702,234427,4
92,Taylor Swift,Speak Now (Deluxe Edition),Mine,6LZaxlycSWrJZ4Volb25qx,2010-10-25,0.624,0.757,7,-2.94,1,0.0296,1.87e-06,0.189,0.658,121.07,230707,4
93,Taylor Swift,Speak Now (Deluxe Edition),Sparks Fly,1q8E1FfFuhd12c5JcJwPxQ,2010-10-25,0.605,0.787,5,-3.002,1,0.0308,1.42e-06,0.163,0.374,114.987,260933,4
94,Taylor Swift,Speak Now (Deluxe Edition),Mean,4N60XfcTE1ysLZGbYgnYXq,2010-10-25,0.568,0.761,4,-3.987,1,0.0459,0.0,0.217,0.789,163.974,237733,4
95,Taylor Swift,Speak Now (Deluxe Edition),Mine - POP Mix,0fAbfDiuQiUwV7FUcFfRGY,2010-10-25,0.695,0.723,7,-3.806,1,0.0285,1.2e-06,0.1,0.679,121.011,230333,4
96,One Direction,Made In The A.M. (Deluxe Edition),Drag Me Down,2K87XMYnUMqLcX3zvtAF4G,2015-11-13,0.73,0.703,0,-5.672,0,0.0369,0.0,0.0657,0.595,138.113,192120,4
97,One Direction,Made In The A.M. (Deluxe Edition),Perfect,3NLnwwAQbbFKcEcV8hDItk,2015-11-13,0.647,0.823,2,-5.231,1,0.0762,0.0,0.119,0.396,99.933,230333,4
98,One Direction,FOUR (Deluxe),Steal My Girl,2Bs4jQEGMycglOfWPBqrVG,2014-11-17,0.536,0.768,10,-5.948,0,0.0347,0.0,0.114,0.545,77.217,228133,4
99,One Direction,FOUR (Deluxe),Night Changes,5O2P9iiztwhomNh8xkR9lJ,2014-11-17,0.672,0.52,8,-7.747,1,0.0353,0.0,0.115,0.37,120.001,226600,4
100,One Direction,FOUR (Deluxe),No Control,4JaLkM90MJutDAl5jD9BZX,2014-11-17,0.558,0.916,1,-3.145,0,0.0839,0.0,0.0296,0.85,142.984,199720,4
101,One Direction,Midnight Memories (Deluxe),Best Song Ever,5T7ZFtCcOgkpjxcuaeZbw0,2013-11-25,0.652,0.877,1,-2.986,1,0.0465,0.0,0.0789,0.486,118.491,200107,4
102,One Direction,Midnight Memories (Deluxe),Midnight Memories,5wjmqUGN7vrAqFqDWrywlZ,2013-11-25,0.432,0.868,6,-2.01,0,0.0882,0.0,0.233,0.567,156.128,176320,4
103,One Direction,Midnight Memories (Deluxe),You & I,2afCBiru10AFckfOa49wIa,2013-11-25,0.574,0.329,1,-6.829,1,0.0274,0.0,0.0986,0.356,130.993,237933,4
104,One Direction,Take Me Home: Yearbook Edition,Live While We're Young,6aGjEZ7kq3YXgD0EDt80O5,2012-11-09,0.658,0.837,2,-2.063,1,0.0543,0.0,0.0969,0.936,126.015,200187,4
105,One Direction,Take Me Home: Yearbook Edition,Little Things,7kSLdGdXLey7pzLsWpdg1h,2012-11-09,0.707,0.222,7,-11.716,1,0.0329,0.0,0.205,0.556,110.095,219640,4
106,One Direction,Up All Night,What Makes You Beautiful,03oZejWqXLbKhhM4iTgShq,2012-05-25,0.726,0.778,4,-2.483,1,0.0784,0.0,0.082,0.868,125.0,198840,4
107,One Direction,Up All Night,One Thing,6tKW2g2So84pCTZXE0Furx,2012-05-25,0.711,0.721,2,-3.79,1,0.0282,0.0,0.0525,0.675,126.988,197187,4
108,One Direction,Up All Night,Up All Night,0UiPtG3O5NxIHDp8uy9jgM,2012-05-25,0.6,0.932,0,-2.16,1,0.0576,0.0,0.527,0.569,139.048,192533,4
109,One Direction,Made In The A.M. (Deluxe Edition),Walking in the Wind,1ZycJRpLOazlLcoFGxGROO,2015-11-13,0.687,0.447,8,-6.586,1,0.0486,0.0,0.0878,0.501,114.578,202640,4
110,Ariana Grande,Yours Truly,Honeymoon Avenue,2ofOe2OaXFpZF5ETbsc7Qu,2013-01-01,0.692,0.608,8,-5.233,0,0.041,0.0,0.348,0.449,125.012,339733,4
111,Ariana Grande,Yours Truly,Baby I,6EIsMa5lbvljYxqCkjZVDi,2013-01-01,0.725,0.796,1,-3.684,1,0.0326,0.0,0.354,0.517,101.976,197600,4
112,Ariana Grande,Yours Truly,Right There,3yiopxxeHuwcpAg4e57Zjt,2013-01-01,0.621,0.834,7,-3.166,1,0.105,0.0,0.0854,0.561,156.095,247080,4
113,Ariana Grande,Yours Truly,Tattooed Heart,5yxghrFKJbU7pcaUFEv1Sg,2013-01-01,0.536,0.521,7,-4.128,1,0.0274,0.0,0.142,0.314,72.06,194707,4
114,Ariana Grande,My Everything (Deluxe),Bang Bang,466s1BacUmiRdR3ISvNjyx,2014-08-22,0.703,0.747,0,-4.446,0,0.0895,0.0,0.396,0.7,149.974,199320,4
115,Ariana Grande,My Everything (Deluxe),Break Free,12KUFSHFgT0XCoiSlvdQi4,2014-08-22,0.687,0.702,7,-5.324,0,0.0455,4.35e-05,0.204,0.284,129.956,214840,4
116,Ariana Grande,My Everything (Deluxe),Best Mistake,70yhaHLp9STtzI2Kzba6Tr,2014-08-22,0.654,0.578,6,-6.897,1,0.449,0.0,0.112,0.233,143.867,233733,4
117,Ariana Grande,My Everything (Deluxe),Problem,7vS3Y0IKjde7Xg85LWIEdP,2014-08-22,0.66,0.805,1,-5.352,0,0.153,8.83e-06,0.159,0.625,103.008,193920,4
118,Ariana Grande,My Everything (Deluxe),One Last Time,7xoUc6faLbCqZO6fQEYprd,2014-08-22,0.628,0.593,8,-5.036,1,0.0323,1.65e-06,0.096,0.104,125.026,197267,4
119,Ed Sheeran,x (Wembley Edition),Photograph,6fxVffaTuwjgEk5h9QyRjy,2013,0.614,0.379,4,-10.48,1,0.0476,0.000464,0.0986,0.201,107.989,258987,4
120,Justin Bieber,My World 2.0,That Should Be Me,0aPZbnkMoWJaJ5CNVLCj8S,2010-01-01,0.552,0.603,8,-5.71,1,0.0334,0.0,0.151,0.231,139.908,232720,4
121,Justin Bieber,My World 2.0,U Smile,6Xw2FLih8m5ItDbyP992HH,2010-01-01,0.705,0.59,1,-5.308,1,0.0284,0.0,0.116,0.421,112.565,196907,3
122,Justin Bieber,Never Say Never - The Remixes,Never Say Never,5GYbkDveRD2I8M5ZJ14hWn,2011-01-01,0.739,0.807,0,-5.063,1,0.0652,0.0,0.295,0.632,97.048,227853,4
123,Justin Bieber,Never Say Never - The Remixes,That Should Be Me,42wmRq3kfUUuyszlkWQbPS,2011-01-01,0.467,0.631,5,-6.762,0,0.0318,0.0,0.0596,0.3,139.962,230787,4
124,Justin Bieber,Believe (Deluxe Edition),All Around The World,1Mg8vLBYwizu7AuhYQO64V,2012-06-15,0.689,0.816,3,-3.951,0,0.178,2.42e-06,0.181,0.776,127.972,244547,4
125,Justin Bieber,Believe (Deluxe Edition),Boyfriend,2L7rZWg9RLxIwnysmxm4xk,2012-06-15,0.717,0.55,10,-6.019,0,0.0519,0.00198,0.126,0.331,96.979,171333,4
126,Justin Bieber,Believe (Deluxe Edition),As Long As You Love Me,0pwYLVXVknPSGUQb39cePC,2012-06-15,0.571,0.873,0,-3.382,0,0.1,0.0,0.361,0.613,139.691,229467,4
127,Britney Spears,Oops!... I Did It Again,Oops!...I Did It Again,6naxalmIoLFWR0siv8dnQQ,2000-05-16,0.751,0.834,1,-5.444,0,0.0437,1.77e-05,0.355,0.894,95.053,211160,4
128,Britney Spears,...Baby One More Time (Digital Deluxe Version),...Baby One More Time,3MjUtNVVq3C8Fn0MP3zhXa,1999-01-12,0.759,0.699,0,-5.745,0,0.0307,0.000131,0.443,0.907,92.96,211067,4
129,Britney Spears,Circus (Deluxe Version),Womanizer,4fixebDZAVToLbUCuEloa2,2008-12-02,0.724,0.695,11,-5.226,1,0.0622,0.0,0.0889,0.235,139.0,224400,4
130,Kesha,Warrior (Deluxe Version),Die Young,6mnjcTmK8TewHfyOp3fC9C,2012-11-30,0.711,0.7,1,-4.805,0,0.046,0.000125,0.215,0.801,128.001,211920,4
131,Kesha,Animal,Your Love Is My Drug,4AboqNl74jNDpJhPfqYDmj,2010,0.829,0.607,1,-3.876,1,0.0897,0.0,0.0986,0.766,120.044,187067,4
132,Kesha,Animal,TiK ToK,5OMwQFBcte0aWFJFqrr5oj,2010,0.755,0.832,2,-2.741,0,0.116,1.27e-06,0.291,0.735,120.032,199693,4
133,Kesha,Animal,Take It Off,3ubtdCmWZIuX8FuRv3S3KX,2010,0.725,0.672,5,-5.353,0,0.0283,0.00225,0.112,0.777,125.042,215200,4
134,Kesha,Animal,Blah Blah Blah (feat. 3OH!3),7jmqSz6yTrGWI1kNqNYI28,2010,0.752,0.832,10,-3.243,1,0.0971,0.000265,0.424,0.534,120.003,172053,4
135,Various Artists,Hannah Montana The Movie,You'll Always Find Your Way Back Home,12wSL3tGk3MtbDEhfG7xy3,2009-01-01,0.577,0.906,8,-3.673,1,0.0583,0.0,0.189,0.692,152.946,224187,4
136,Demi Lovato,Don't Forget,Trainwreck,2ow1Z8ytAYw72frfzCXIVB,2008-01-01,0.477,0.836,11,-3.846,1,0.0476,0.0,0.349,0.587,82.139,197480,4
137,LMFAO,Sorry For Party Rocking,Party Rock Anthem,0IkKz2J93C94Ei4BvDop7P,2011-01-01,0.75,0.727,5,-4.21,0,0.142,0.0,0.266,0.359,129.993,262173,4
138,Smash Mouth,Astro Lounge,All Star,3cfOd4CMv2snFaKAnMdnvK,1999-06-08,0.731,0.867,11,-5.881,1,0.032,0.0,0.0861,0.776,104.019,200373,4
139,Beyoncé,I AM...SASHA FIERCE,If I Were a Boy,26NX1wPt1TRCH536yocd6i,2008-11-14,0.632,0.518,6,-6.126,1,0.0313,0.0,0.354,0.427,90.007,249147,4
140,Iyaz,Replay,Replay,5vlEg2fT4cFWAqU5QptIpQ,2009-08-11,0.706,0.751,9,-6.323,1,0.0708,0.0,0.168,0.195,91.031,182307,4
141,Lady Gaga,The Fame Monster,Telephone,1IaYWv32nFFMdljBIjMY5T,2009-01-01,0.827,0.821,3,-5.864,1,0.0419,0.0015,0.115,0.684,122.017,220627,4
142,Katy Perry,Teenage Dream: The Complete Confection,California Gurls,6tS3XVuOyu10897O3ae7bi,2012-03-12,0.791,0.754,0,-3.729,1,0.0569,0.0,0.163,0.425,125.014,234653,4
143,Kelly Clarkson,Breakaway,Since U Been Gone,3xrn9i8zhNZsTtcoWgQEAd,2004-01-17,0.662,0.741,0,-5.406,1,0.0334,0.0303,0.114,0.404,131.0,188960,4
144,Natasha Bedingfield,Pocketful Of Sunshine,Pocketful of Sunshine,1uigwk5hNV84zRd5YQQRTk,2007-04-27,0.721,0.88,9,-3.896,0,0.0454,0.0,0.0769,0.655,110.021,202907,4
145,Vanilla Ice,Vanilla Ice Is Back! - Hip Hop Classics,Ice Ice Baby,3XVozq1aeqsJwpXrEZrDJ9,2008-11-04,0.979,0.792,2,-2.784,1,0.0388,7.71e-06,0.102,0.583,116.012,254467,4
146,Beyoncé,I Am...Tour Instrumentals,Single Ladies,5wwHdFmXAs8ysRSi242pDN,2011-02-01,0.631,0.834,4,-6.299,0,0.155,0.871,0.138,0.32,194.077,216640,4
147,Fergie,The Dutchess,Fergalicious,1D066zixBwqFYqBhKgdPzp,2006-09-13,0.906,0.583,8,-7.721,0,0.317,0.0,0.126,0.829,129.056,292373,4
148,Taylor Swift,Red,I Knew You Were Trouble.,72jCZdH0Lhg93z6Z4hBjgj,2012-10-22,0.622,0.469,3,-6.798,0,0.0363,2.25e-06,0.0398,0.679,77.019,217973,4
149,Kesha,Cannibal,Blow,5FQazQxWUHsJ8QDaXLdFzR,2010-11-19,0.752,0.73,11,-3.897,0,0.0412,3.62e-05,0.175,0.769,120.032,218825,4
150,Bruno Mars,Doo-Wops & Hooligans,Just the Way You Are,7BqBn9nzAq8spo5e7cZ0dJ,2010-10-05,0.635,0.841,5,-5.379,1,0.0422,0.0,0.0622,0.424,109.021,220734,4
151,WILLOW,Whip My Hair,Whip My Hair,2LXyM3mXlRPIJwqyIoFh6n,2010-10-26,0.543,0.981,9,-4.631,0,0.285,0.00759,0.447,0.671,162.786,193960,4
152,Gym Class Heroes,The Papercut Chronicles II,Stereo Hearts (feat. Adam Levine),0qOnSQQF0yzuPWsXrQ9paz,2011-11-11,0.646,0.795,9,-3.293,1,0.0976,0.0,0.267,0.796,89.99,210960,4
153,Various Artists,Hannah Montana The Movie,Bless the Broken Road - Acoustic,25FjcKQ4IWvVnhqu4XUcpm,2009-01-01,0.603,0.36,0,-8.841,1,0.0309,0.0,0.233,0.347,122.021,234080,4
154,Selena,Enamorada de Ti,Bidi Bidi Bom Bom,3aD8zq34Ad0UHNemVq4PvZ,2012-01-01,0.542,0.884,10,-4.157,1,0.0479,3.63e-05,0.0467,0.951,180.094,254880,4
155,Shakira,"Oral Fixation, Vol. 2 (Expanded Edition)",Hips Don't Lie (feat. Wyclef Jean),3ZFTkvIE7kyPt6Nu3PEa7V,2005-11-28,0.778,0.824,10,-5.892,0,0.0707,0.0,0.405,0.758,100.024,218093,4
156,Selena Gomez & The Scene,When The Sun Goes Down,Hit The Lights,6ciLLh4TkPYDUfNxn2Z0KO,2011-01-01,0.56,0.88,7,-3.953,1,0.0567,0.0,0.299,0.573,129.97,194427,4
157,Lemonade Mouth,Lemonade Mouth,Here We Go,2GYOC7EBfXulEeezqHzhfZ,2011-01-01,0.551,0.938,2,-1.644,1,0.0985,4.11e-06,0.0273,0.595,149.92,172853,4
158,Cast Of 'Camp Rock 2',Camp Rock 2: The Final Jam,"It's On - From ""Camp Rock 2: The Final Jam""",5eEmVNuqo4oKDh9MDeCAmt,2010-01-01,0.61,0.944,11,-3.536,0,0.135,0.0,0.0668,0.916,150.056,242773,4
159,Selena Gomez,Stars Dance (Bonus Track Version),Stars Dance,2MTMeQZLVI9yiZIXsCbzGi,2013-01-01,0.443,0.886,4,-3.802,0,0.0921,0.0,0.111,0.26,109.966,217427,3
160,Lemonade Mouth,Lemonade Mouth,Livin' On a High Wire,5twtkwNqXqaz7gp9zZ4Db4,2011-01-01,0.526,0.919,7,-2.749,1,0.0496,1.11e-06,0.171,0.609,84.95,158653,4
161,iCarly & Victorious Casts,Leave It All To Shine (featuring Miranda Cosgrove & Victoria Justice),Leave It All To Shine (feat. Victoria Justice),6OaY4KX8ENVogGeMcDrvMx,2011-06-10,0.374,0.897,8,-3.426,1,0.123,0.0,0.0817,0.655,137.059,131187,4
162,Hannah Montana,Hannah Montana,"The Best of Both Worlds - From ""Hannah Montana""/Soundtrack Version",6Z0F3Mqj7tq1CBZo5qMlUg,2006-01-01,0.676,0.861,1,-3.645,1,0.0501,0.0,0.0613,0.681,124.031,174120,3
163,Sean Kingston,Beautiful Girls,Beautiful Girls,1hGy2eLcmC8eKx7qr1tOqx,2007-07-23,0.762,0.661,1,-6.075,0,0.0687,0.0,0.256,0.769,130.009,225373,4
164,Gwen Stefani,Love Angel Music Baby,Hollaback Girl,6RcQOut9fWL6FSqeIr5M1r,2004-10-27,0.918,0.918,10,-2.218,0,0.0954,5.35e-06,0.0243,0.882,110.024,199907,4
165,Soulja Boy,iSouljaBoyTellem,Kiss Me Thru The Phone,2q4rjDy9WhaN3o9MvDbO21,2008-01-01,0.758,0.712,7,-3.781,1,0.112,0.0,0.0677,0.795,149.998,193387,4
166,Britney Spears,In The Zone,Toxic,6I9VzXrHxO9rA9A5euc8Ak,2003-11-13,0.774,0.838,5,-3.914,0,0.114,0.025,0.242,0.924,143.04,198800,4
167,Lady Gaga,The Fame,Just Dance,1dzQoRqT5ucxXVaAhTcT0J,2008-01-01,0.822,0.739,1,-4.541,0,0.0311,4.26e-05,0.181,0.745,118.992,241933,4
168,Katy Perry,One Of The Boys,I Kissed A Girl,14iN3o8ptQ8cFVZTEmyQRV,2008-06-17,0.699,0.76,5,-3.173,1,0.0677,0.0,0.132,0.696,129.996,179640,4
169,Vanessa Carlton,Be Not Nobody,A Thousand Miles,5y69gQtK33qxb8a24ACkCy,2002-04-30,0.559,0.845,11,-3.871,1,0.0379,0.0,0.164,0.304,94.915,237493,4
170,Rihanna,Good Girl Gone Bad: Reloaded,Don't Stop The Music,62LHRv9uwSNlBmByQF5jdE,2007-03-31,0.844,0.659,6,-5.587,0,0.0626,8.07e-05,0.0523,0.54,122.683,267080,4
171,Rihanna,Good Girl Gone Bad: Reloaded,Umbrella,5i66xrvSh1MjjyDd6zcwgj,2007-03-31,0.581,0.827,1,-4.566,1,0.141,0.0,0.0522,0.549,174.013,275987,4
172,Lady Gaga,The Fame Monster (Explicit Version),Bad Romance,1CZOrmHUUjeDP7N2B4Ba6S,2009-01-01,0.696,0.921,0,-3.755,1,0.0363,5.24e-05,0.0842,0.714,119.001,294573,4
173,Beyoncé,Dangerously In Love,Crazy In Love (feat. Jay-Z),5IVuqXILoxVWvWEPm82Jxr,2003-06-24,0.646,0.77,2,-6.596,0,0.226,0.0,0.0715,0.681,99.165,236133,4
174,*NSYNC,No Strings Attached,Bye Bye Bye,62bOmKYxYg7dhrC6gH9vFn,2000-03-21,0.61,0.926,8,-4.843,0,0.0479,0.0012,0.0821,0.861,172.638,200400,4
175,5 Seconds of Summer,She Looks So Perfect,She Looks So Perfect,0BhZWr9gPZNlVdWWigvYA9,2014-01-01,0.495,0.959,1,-3.712,0,0.137,0.0,0.36,0.431,159.993,202496,4
176,Bruno Mars,Doo-Wops & Hooligans,Grenade,2tJulUYLDKOg9XrtVkMgcJ,2010-10-05,0.704,0.558,2,-7.273,0,0.0542,0.0,0.107,0.245,110.444,222091,4
177,T-Pain,Epiphany,Buy U a Drank (Shawty Snappin') (feat. Yung Joc),2aIdVb8v9KTpEZnftkz2mD,2007-06-05,0.451,0.55,1,-8.137,1,0.262,0.0,0.0737,0.594,80.001,227960,4
178,Selena Gomez,"Shake It Up (From ""Shake It Up"")","Shake It Up - From ""Shake It Up""",1oLcpJA9TfwwejiEM9C5gi,2011-01-01,0.724,0.782,2,-7.407,0,0.0334,0.0,0.196,0.797,128.01,180827,4
179,Selena Gomez & The Scene,Kiss & Tell,Tell Me Something I Don't Know,6nhvIZeu7g6OsDCLj1DKLl,2009-01-01,0.71,0.935,7,-3.339,0,0.193,0.0,0.0593,0.914,145.063,175333,4
180,Various Artists,Teen Beach Movie,"Cruisin' for a Bruisin' - From ""Teen Beach Movie""/Soundtrack Version",5e3UWcbvTaF5CJWu81MqlQ,2013-01-01,0.585,0.911,11,-4.623,1,0.119,0.0,0.112,0.781,163.933,195733,4
181,Bridgit Mendler,Hello My Name Is...,Ready or Not,5xvUgoVED1F4mBu8FL0HaW,2012-01-01,0.715,0.872,2,-3.835,1,0.0509,3.84e-05,0.107,0.748,93.043,200947,4
182,Iggy Azalea,The New Classic (Deluxe Version),Fancy,3oiMJQAWVaxSubJ7b2VUtX,2014-01-01,0.912,0.716,10,-4.141,0,0.0697,0.0,0.0491,0.377,94.981,199938,4
183,Charli XCX,SUCKER,Boom Clap,094RugjgLW6CdPLOJctBZ3,2015-02-09,0.659,0.911,4,-2.28,1,0.0786,0.000304,0.191,0.576,91.999,169866,4
184,Lorde,Pure Heroine,Royals,2dLLR6qlu5UJ5gk0dKz0h3,2013-09-27,0.674,0.428,7,-9.504,1,0.122,0.0,0.132,0.337,84.878,190185,4
185,Alicia Keys,The Diary Of Alicia Keys,If I Ain't Got You,3XVBdLihbNbxUwZosxcGuJ,2003-12-02,0.609,0.444,7,-9.129,1,0.106,6.86e-06,0.104,0.166,118.402,228707,3
186,Ed Sheeran,÷ (Deluxe),Castle on the Hill,6PCUP3dWmTjcTtXY02oFdT,2017-03-03,0.461,0.834,2,-4.868,1,0.0989,1.14e-05,0.14,0.471,135.007,261154,4
187,Major Lazer,Cold Water,Cold Water,7zsXy7vlHdItvUSH8EwQss,2016-07-22,0.608,0.798,6,-5.092,0,0.0432,0.0,0.156,0.501,92.943,185360,4
188,High School Musical Cast,High School Musical 2 (Original Soundtrack),Fabulous,6jyXQ8HGI7ikECGA0670uo,2007-01-01,0.827,0.761,8,-5.185,1,0.138,0.0,0.0453,0.703,131.996,180693,4
189,Big Time Rush,BTR,Big Time Rush,5lEsM6qpuzuZwij6jIZPvP,2010-10-11,0.599,0.888,11,-2.931,0,0.0514,0.0,0.28,0.833,121.05,197587,4
190,Cast Of 'Camp Rock 2',Camp Rock 2: The Final Jam,"Fire - From ""Camp Rock 2: The Final Jam""",3xtJ0ELyByUQ64MMnny6U8,2010-01-01,0.709,0.945,8,-4.415,0,0.0794,0.0,0.145,0.676,120.076,181893,4
191,Melodyia Music,Now Or Never,Gotta Go My Own Way,6MmGGt46TqCOVFHuahd5Ai,2014-09-05,0.467,0.694,9,-4.984,1,0.0297,1.8e-05,0.247,0.308,88.902,214075,4
192,Various Artists,Teen Beach Movie,"Falling for Ya - From ""Teen Beach Movie""/Soundtrack Version",5hK2Ks25jW6aMmUAHpAN3F,2013-01-01,0.8,0.882,11,-4.436,0,0.0419,0.503,0.0247,0.964,129.94,192800,4
193,High School Musical Cast,High School Musical 2 (Original Soundtrack),I Don't Dance,6p6TjiJHc1kJQt5dXzkdrs,2007-01-01,0.804,0.88,9,-5.061,0,0.0933,0.0,0.226,0.682,104.111,217240,4
194,High School Musical Cast,High School Musical: Be Mine,"You Are the Music in Me - From ""High School Musical 2""/Soundtrack Version",4QjtDLNwfcniKaGrQNOtlZ,2007-01-01,0.601,0.759,5,-4.467,1,0.0452,0.0,0.101,0.475,102.006,208947,4
195,Cast Of 'Camp Rock 2',Camp Rock 2: The Final Jam,"This is Our Song - From ""Camp Rock 2: The Final Jam""",6SyPnh5ysbRjmZHIlOKp4r,2010-01-01,0.356,0.611,7,-5.312,1,0.0357,0.0,0.178,0.393,129.385,178200,4
196,Austin Moon,Austin & Ally,Not A Love Song,1UtGcsbiqHtzxaTe3OgvlG,2012-01-01,0.534,0.797,2,-5.444,1,0.145,0.0,0.0575,0.72,179.981,182107,4
197,High School Musical Cast,High School Musical 3: Senior Year,The Boys Are Back,6YoYLN155MLavQcl3bHmvY,2008-01-01,0.706,0.915,1,-3.169,1,0.0535,1.1e-06,0.0343,0.872,114.992,224667,4
198,Cast of Shake It Up: Break It Down,Watch Me (featuring Bella Thorne and Zendaya),Watch Me,5qgAvjSTbjkTfICvUMH9WS,2011-01-01,0.713,0.707,0,-4.582,1,0.0715,0.0128,0.111,0.638,124.984,175347,4
199,High School Musical Cast,High School Musical 2 (Original Soundtrack),Bet On It,4EnwhEyuVrC1CgvSur5YL4,2007-01-01,0.812,0.67,5,-6.385,0,0.0565,0.0,0.0518,0.439,137.038,198320,4
200,Hannah Montana,Hannah Montana 2 / Meet Miley Cyrus,Rock Star - From “Hannah Montana 2”,7smCjIc7MoUM4ay55LQrdu,2007-01-01,0.482,0.945,2,-3.969,1,0.124,1.41e-06,0.364,0.626,160.792,178560,4
201,Jonas Brothers,A Little Bit Longer,Burnin' Up,2VEsmoek0sol9MnJFyoG9e,2008-08-12,0.667,0.954,2,-3.462,1,0.0817,0.0,0.331,0.807,114.03,175093,4
202,High School Musical Cast,High School Musical 3: Senior Year,I Want It All,5sTC1imYc0QzNe3i5snLy7,2008-01-01,0.791,0.813,6,-3.444,1,0.139,0.0,0.0549,0.913,142.876,277307,4
203,Austin Moon,Austin & Ally,Double Take,6nPKFZVp2Lt28ojCYxgo2e,2012-01-01,0.708,0.897,6,-5.216,1,0.0466,5.78e-06,0.141,0.886,130.064,144733,4
204,Jonas Brothers,Jonas Brothers,S.O.S.,6sDP4912wjwB7BJhbSnjS1,2007-01-01,0.584,0.696,7,-3.836,1,0.0694,0.0,0.184,0.699,137.112,153347,4
205,Hannah Montana,Hannah Montana 3,If We Were A Movie,6XqpH9bHj7ODY1z4xI9n7E,2009-01-01,0.639,0.845,4,-3.729,1,0.0346,0.0,0.0619,0.729,94.036,184360,4
206,Jonas Brothers,Music From Chasing Happiness,Year 3000,4zP7ADsgJgHGY6VzxbNp1z,2019-05-09,0.659,0.857,11,-5.85,1,0.0437,1.93e-06,0.335,0.798,106.965,201960,4
207,Jonas Brothers,A Little Bit Longer,Lovebug,3F8xLc6T4VvKH7I6wqVAN2,2008-08-12,0.597,0.5,4,-6.216,1,0.0579,0.0,0.214,0.522,79.071,220693,4
208,Various Artists,Teen Beach Movie,"Oxygen - From ""Teen Beach Movie""/Soundtrack Version",5gXDkRhBRe29vJeafMPNlM,2013-01-01,0.592,0.935,4,-3.869,1,0.0584,0.0,0.139,0.517,127.967,181693,4
209,Various Artists,High School Musical The Concert,What I've Been Looking For,0oo5zVjH4CyTsm5FctRlnL,2007-01-01,0.615,0.898,9,-5.85,1,0.0416,0.0,0.758,0.485,140.117,125493,4
210,DJ Jazzy Jeff & The Fresh Prince,Greatest Hits,The Fresh Prince of Bel-Air,0UREO3QWbXJW3gOUXpK1am,1998,0.824,0.684,10,-7.354,0,0.0935,1.45e-06,0.0481,0.87,101.152,177267,4
211,The Backyardigans,The Backyardigans,The Backyardigans Theme Song,5YU9WWS0LCwelPrc97X341,2005-07-12,0.691,0.309,9,-4.741,1,0.0421,0.0,0.161,0.28,95.681,58320,4
212,Austin Moon,Austin & Ally,Can’t Do It Without You (Austin & Ally Main Title),65v1pHe2SJ2wwiNsgkKGsi,2012-01-01,0.604,0.866,6,-4.788,1,0.141,0.0,0.349,0.827,77.515,167093,4
213,Various Artists,Teen Beach Movie,"Like Me - From ""Teen Beach Movie""/Soundtrack Version",75a5fcQSduYyC93gXtgGhk,2013-01-01,0.735,0.874,2,-5.28,1,0.035,0.0,0.69,0.715,126.053,198640,4
214,Sheppard,Bombs Away,Geronimo,19cL3SOKpwnwoKkII7U3Wh,2015-03-10,0.705,0.78,7,-6.267,1,0.0805,0.00152,0.115,0.457,142.028,218228,4
215,Maroon 5,Overexposed (Deluxe),Love Somebody,0HnaqUxvHP5LaWdmWwJpiS,2012-01-01,0.675,0.792,1,-6.303,1,0.0368,0.0,0.12,0.395,120.016,229813,4
216,Twenty One Pilots,Blurryface,Ride,2Z8WuEywRWYTKe1NybPQEW,2015-05-15,0.645,0.713,6,-5.355,1,0.0393,0.0,0.113,0.566,74.989,214507,4
217,Jason Derulo,Everything Is 4,Want to Want Me,7oGZAicScQt96OAW4AruYy,2015-05-29,0.775,0.68,0,-5.508,0,0.0629,0.0,0.109,0.656,114.025,207719,4
218,Jason Derulo,Jason Derulo,Whatcha Say,67T6l4q3zVjC5nZZPXByU8,2010-02-24,0.615,0.711,11,-5.507,1,0.0779,0.0,0.145,0.711,144.036,221253,4
219,Jason Derulo,Talk Dirty,Wiggle (feat. Snoop Dogg),2sLwPnIP3CUVmIuHranJZU,2013-09-10,0.697,0.621,9,-6.886,0,0.25,0.0,0.162,0.721,81.946,193296,4
220,Jason Derulo,Talk Dirty,Trumpets,5KONnBIQ9LqCxyeSPin26k,2013-09-10,0.635,0.691,0,-4.862,1,0.258,0.0,0.097,0.638,82.142,217419,4
221,Hot Chelle Rae,Whatever,Tonight Tonight,2i0AUcEnsDm3dsqLrFWUCq,2011-11-25,0.686,0.783,4,-4.977,1,0.119,0.0,0.163,0.814,99.978,200467,4
222,Calvin Harris,My Way,My Way,1vvNmPOiUuyCbgWmtc6yfm,2016-09-16,0.818,0.913,4,-3.06,0,0.0426,3.69e-05,0.161,0.536,119.986,219160,4
223,The Weeknd,Beauty Behind The Madness,Can't Feel My Face,22VdIZQfgXJea34mQxlt81,2015-08-28,0.705,0.769,9,-5.526,0,0.0425,0.0,0.105,0.583,107.949,213520,4
224,Pitbull,Global Warming: Meltdown (Deluxe Version),Timber,3cHyrEgdyYRjgJKSOiOtcS,2012,0.581,0.963,11,-4.087,1,0.0981,0.0,0.139,0.788,129.992,204160,4
225,Vance Joy,Dream Your Life Away (Special Edition),Riptide,3JvrhDOgAt6p7K8mDyZwRd,2014-09-08,0.484,0.731,1,-6.694,1,0.0379,0.0,0.151,0.51,101.654,204280,4
226,Taio Cruz,The Rokstarr Hits Collection,Dynamite,2CEgGE6aESpnmtfiZwYlbV,2010-01-01,0.751,0.783,4,-3.724,1,0.0859,0.0,0.036,0.816,119.975,202613,4
227,Jay Sean,All Or Nothing,Down,7LP4Es66zdY7CyjepqmvAg,2009-01-01,0.657,0.695,2,-4.493,1,0.0321,0.0,0.0822,0.683,65.997,212107,4
228,USHER,Raymond v Raymond (Expanded Edition),DJ Got Us Fallin' In Love (feat. Pitbull),4356Typ82hUiFAynbLYbPn,2010-03-30,0.663,0.861,7,-3.398,0,0.109,0.0,0.082,0.654,119.963,220800,4
229,Bruno Mars,Doo-Wops & Hooligans,The Lazy Song,1ExfPZEiahqhLyajhybFeS,2010-10-05,0.794,0.711,8,-5.124,0,0.0699,0.0,0.0955,0.955,174.915,189109,4
230,Bruno Mars,Doo-Wops & Hooligans,Count on Me,7l1qvxWjxcKpB9PCtBuTbU,2010-10-05,0.589,0.389,0,-5.972,1,0.028,0.0,0.0772,0.501,89.1,197470,4
231,Beyoncé,I AM...SASHA FIERCE,Single Ladies (Put a Ring on It),5R9a4t5t5O0IsznsrKPVro,2008-11-17,0.426,0.584,1,-5.293,1,0.296,0.0,0.188,0.272,193.437,193213,4
232,Bastille,Bad Blood,Pompeii,3gbBpTdY8lnQwqxNCcf795,2013-01-01,0.679,0.715,9,-6.383,1,0.0407,0.0,0.271,0.571,127.435,214148,4
233,Rihanna,Good Girl Gone Bad: Reloaded,Don't Stop The Music,0ByMNEPAPpOR5H69DVrTNy,2008-06-02,0.835,0.669,6,-5.582,0,0.0643,6.92e-05,0.0535,0.542,122.668,267080,4
234,Rihanna,ANTI,Love On The Brain,2aksifNn5ph8igDOkPBA02,2016-01-28,0.509,0.637,4,-4.83,0,0.0471,1.08e-05,0.0789,0.378,172.006,224000,3
235,Charlie Puth,Some Type of Love,Marvin Gaye (feat. Meghan Trainor),6ukMqDxnOPOgoHdak7Kyp3,2015-05-01,0.795,0.616,1,-5.281,0,0.06,0.0,0.349,0.815,110.015,190453,4
236,Katy Perry,Teenage Dream,California Gurls,6KOEK6SeCEZOQkLj5M1PxH,2010-01-01,0.788,0.753,0,-3.71,1,0.0536,0.0,0.18,0.403,125.005,234653,4
237,Bruno Mars,Unorthodox Jukebox,Locked out of Heaven,3w3y8KPTfNeOKPiqUTakBh,2012-12-07,0.726,0.698,5,-4.165,1,0.0431,0.0,0.309,0.867,143.994,233478,4
238,Carly Rae Jepsen,Kiss (Deluxe),Call Me Maybe,3TGRqZ0a2l1LRblBkJoaDx,2012-01-01,0.783,0.58,7,-6.548,1,0.0408,2.28e-06,0.108,0.66,120.021,193400,4
239,The Wanted,The Wanted (Special Edition),Glad You Came,3AGOgQzp0YcPH41u9p7dOp,2012-01-01,0.61,0.841,7,-4.579,0,0.0692,9.85e-06,0.118,0.431,126.889,198187,4
240,David Guetta,Nothing but the Beat,Without You (feat. Usher),7rGMKCgeYXpBecQ1FPb3oc,2011-08-31,0.608,0.614,2,-3.727,1,0.0285,3.82e-06,0.157,0.402,127.885,208133,4
241,Demi Lovato,Unbroken,Give Your Heart a Break,3sP3c86WFjOzHHnbhhZcLA,2011-01-01,0.651,0.695,6,-3.218,1,0.0487,0.0,0.144,0.569,123.008,205347,4
242,Passenger,All the Little Lights,Let Her Go,6GmUVqe73u5YRfUUynZK6I,2012-06-29,0.479,0.545,7,-7.346,1,0.0688,0.0,0.0963,0.244,74.897,252733,4
243,Flo Rida,Wild Ones,Wild Ones (feat. Sia),1NpW5kyvO4XrNJ3rnfcNy3,2012-06-22,0.608,0.86,5,-5.324,0,0.0554,0.0,0.262,0.437,127.075,232947,4
244,Taylor Swift,Red (Deluxe Edition),I Knew You Were Trouble.,0ciHz919LVKoH4zgxyMPZ9,2012-10-22,0.622,0.469,3,-6.798,0,0.0363,2.25e-06,0.0398,0.679,77.019,217973,4
245,Taylor Swift,Red (Deluxe Edition),We Are Never Ever Getting Back Together,1OYARuagDrpgNNQ4loO1Cs,2012-10-22,0.628,0.676,7,-5.911,1,0.0916,2.65e-05,0.102,0.75,85.984,191880,4
246,David Guetta,Nothing but the Beat Ultimate,Titanium (feat. Sia),2dOTkLZFbpNXrhc24CnTFd,2011-08-24,0.604,0.787,0,-3.674,0,0.103,0.15,0.127,0.301,126.062,245040,4
247,MAGIC!,Don't Kill the Magic,Rude,6RtPijgfPKROxEzTHNRiDp,2014-06-25,0.773,0.758,1,-4.993,1,0.0381,0.0,0.305,0.925,144.033,224840,4
248,Shawn Mendes,Illuminate (Deluxe),Treat You Better,76t5B0ttSAje5KHmQbv88t,2016-09-23,0.683,0.797,10,-4.085,0,0.246,0.0,0.114,0.758,82.916,187973,4
249,Plain White T's,All That We Needed,Hey There Delilah,4RCWB3V8V0dignt99LZ8vH,2005-01-01,0.656,0.291,2,-10.572,1,0.0293,0.0,0.114,0.298,103.971,232533,4
250,fun.,We Are Young (feat. Janelle Monáe),We Are Young (feat. Janelle Monáe),3ehrxAhYms24KLPG8FZe0W,2011-09-20,0.378,0.638,10,-5.576,1,0.075,7.66e-05,0.0849,0.735,184.086,250627,4
251,Demi Lovato,Demi,Neon Lights,34MJ07N9Bhu6iKPaxSVnCT,2013-01-01,0.631,0.819,9,-4.24,1,0.122,0.0,0.1,0.733,125.928,233173,4
252,Travie McCoy,Lazarus,Billionaire (feat. Bruno Mars),2qPUnoasNe4Ep43emVXEig,2010-06-07,0.633,0.673,6,-6.403,0,0.258,0.0,0.206,0.659,86.776,211160,4
253,Owl City,The Midsummer Station,Good Time,1kPpge9JDLpcj15qgrPbYX,2012-08-17,0.56,0.872,3,-4.269,1,0.14,6.98e-06,0.371,0.682,126.05,205933,4
254,Demi Lovato,Demi,Really Don't Care,5vTPxzm4h2bY9rYyVrGEU5,2013-01-01,0.706,0.728,7,-3.602,1,0.0852,0.0,0.185,0.851,121.017,201600,4
255,Alicia Keys,Girl on Fire (Remixes) - EP,Girl on Fire,4esOae7i4rqTbAu9o5Pxco,2012-11-18,0.482,0.706,9,-5.762,1,0.0607,0.00106,0.105,0.144,92.513,224920,4
256,Eminem,Recovery,Love The Way You Lie,15JINEqzVMv3SvJTAXAKED,2010-06-18,0.749,0.925,10,-5.034,1,0.227,0.0,0.52,0.641,86.989,263373,4
257,Foster The People,Torches,Pumped Up Kicks,7w87IxuO7BDcJ3YUqCyMTT,2011-05-23,0.733,0.71,5,-5.849,0,0.0292,0.115,0.0956,0.965,127.975,239600,4
258,Eminem,The Monster,The Monster,72gGeQ0dZ7E8RlBeNJNJkb,2013-01-01,0.785,0.86,9,-3.642,1,0.0794,0.0,0.0675,0.623,110.048,250907,4
259,Rixton,Me And My Broken Heart,Me And My Broken Heart,41Ypl7Pzkod2H0VlcZH5DS,2014-01-01,0.544,0.768,5,-4.655,0,0.0342,0.0,0.255,0.54,174.08,193975,4
260,Twenty One Pilots,Heathens,Heathens,6i0V12jOa3mr6uu4WYhUBr,2016-06-16,0.732,0.396,4,-9.348,0,0.0286,3.58e-05,0.105,0.548,90.024,195920,4
261,Macklemore & Ryan Lewis,The Heist,Can't Hold Us (feat. Ray Dalton),3bidbhpOYeV4knp8AIu8Xn,2012-10-09,0.641,0.922,2,-4.457,1,0.0786,0.0,0.0862,0.847,146.078,258343,4
262,The Vamps,All Night,All Night,31t0ATifZW5CW3XP2QUsUW,2016-10-14,0.564,0.768,8,-6.431,1,0.0342,0.0,0.324,0.362,144.971,197793,4
263,Flo Rida,Good Feeling,Good Feeling,3NcO4jGK1Opb5ea0mYLpxb,2011-08-29,0.706,0.89,1,-4.444,0,0.0688,0.00286,0.306,0.684,128.011,248133,4
264,Ruth B.,Lost Boy,Lost Boy,4h0zU3O9R5xzuTmNO7dNDU,2015-08-21,0.71,0.0565,7,-15.099,1,0.0534,0.0,0.0889,0.348,123.994,275280,4
265,Run–D.M.C.,Raising Hell,It's Tricky,6jBCehpNMkwFVF3dz4nLIW,1986-05-15,0.965,0.857,11,-8.458,0,0.17,0.0,0.0726,0.951,127.656,183760,4
266,MGMT,Oracular Spectacular,Kids,1jJci4qxiYcOHhQR247rEU,2007-12-14,0.451,0.931,9,-3.871,1,0.0719,0.0049,0.361,0.172,122.961,302840,4
267,X Ambassadors,VHS,Renegades,0fYVliAYKHuPmECRs1pbRf,2015-06-30,0.526,0.862,2,-6.003,1,0.0905,0.0597,0.229,0.528,90.052,195200,4
268,Imagine Dragons,Night Visions (Deluxe),On Top Of The World,6KuHjfXHkfnIjdmcIvt9r0,2012-09-04,0.635,0.926,0,-5.589,1,0.151,4.53e-06,0.0928,0.761,100.048,189840,4
269,Avicii,The Days / Nights,The Nights,0ct6r3EGTcMLPtrXHDvVjc,2014-01-01,0.527,0.835,6,-5.298,1,0.0433,0.0,0.249,0.654,125.983,176658,4
270,Justin Bieber,My World,Love Me,0yIywEquxORnu1dR0WYsdN,2009-01-01,0.729,0.868,3,-3.319,1,0.0609,0.0,0.283,0.632,124.957,191573,4
271,MKTO,MKTO,Classic,6FE2iI43OZnszFLuLtvvmg,2012,0.72,0.791,1,-4.689,1,0.124,0.0,0.157,0.756,102.071,175427,4
272,Gotye,Making Mirrors,Somebody That I Used To Know,4wCmqSrbyCgxEXROQE6vtV,2011-01-01,0.864,0.495,0,-7.036,1,0.037,0.000133,0.0992,0.72,129.062,244973,4
273,Rihanna,Unapologetic (Deluxe),Stay,1dEy9Pl81QopSxNsPxXQxv,2012-12-11,0.621,0.31,9,-10.164,0,0.0283,6.12e-05,0.117,0.125,111.893,240707,4
274,Michael Bublé,Crazy Love,Haven't Met You Yet,4fIWvT19w9PR0VVBuPYpWA,2009-10-06,0.615,0.733,8,-4.808,1,0.0335,0.0,0.109,0.796,122.58,244587,4
275,Katy Perry,Teenage Dream: The Complete Confection,The One That Got Away,3oL3XRtkP1WVbMxf7dtTdu,2012-03-12,0.687,0.792,1,-4.023,0,0.0353,0.0,0.2,0.864,133.962,227333,4
276,P!nk,Greatest Hits...So Far!!!,Raise Your Glass,2sOqwZMlI3pFzvkDj7owRo,2010-11-12,0.7,0.7,7,-4.934,1,0.0876,0.0,0.0295,0.629,122.033,203307,4
277,A Great Big World,Is There Anybody Out There?,Say Something,6Vc5wAMmXdKIAM7WUoEb7N,2014-01-20,0.407,0.147,2,-8.822,1,0.0355,2.89e-06,0.0913,0.0765,141.284,229400,3
278,Train,Greatest Hits,Drops of Jupiter (Tell Me),5zJJjbFWPqjIdTg8v2tcMb,2018-11-09,0.495,0.7,0,-3.901,1,0.0272,0.0,0.252,0.513,79.716,260000,4
279,Avril Lavigne,Let Go,Complicated,5xEM5hIgJ1jjgcEBfpkt2F,2002-06-04,0.585,0.776,5,-5.898,1,0.0459,7.74e-06,0.3,0.427,77.987,244507,4
280,Sara Bareilles,Little Voice,Love Song,4E6cwWJWZw2zWf7VFbH7wf,2007-07-03,0.583,0.786,2,-3.142,0,0.0301,0.0,0.188,0.573,123.055,258827,4
281,Avril Lavigne,The Best Damn Thing,Girlfriend,5HbCnVLXRyZVxnreOPgJCK,2007-04-17,0.56,0.959,7,-2.433,1,0.102,0.000206,0.209,0.67,163.983,216600,4
282,Jessie J,Who You Are (Platinum Edition),Domino,6MAdEUilV2p9RQUqE5bMAK,2011-01-01,0.757,0.547,7,-4.573,1,0.0355,0.0,0.0445,0.793,126.977,231693,4
283,Cobra Starship,Night Shades,You Make Me Feel... (feat. Sabi),16Of7eeW44kt0a1M0nitHM,2011-08-29,0.668,0.857,7,-2.944,0,0.0535,6.71e-06,0.0385,0.748,131.959,215693,4
284,Jason Mraz,Love Is a Four Letter Word (Deluxe Edition),I Won't Give Up,53QF56cjZA9RTuuMZDrSA6,2012-04-13,0.483,0.303,4,-10.058,1,0.0429,0.0,0.115,0.139,133.406,240166,3
285,DNCE,DNCE,Toothbrush,7ciLq0Cip0yxiz6KANrOUq,2016-11-18,0.556,0.785,7,-5.842,1,0.133,0.0,0.468,0.825,104.978,231813,4
286,Drake,Views,One Dance,1zi7xx7UVEFkmKfv06H8x0,2016-05-06,0.792,0.625,1,-5.609,1,0.0536,0.0018,0.329,0.37,103.967,173987,4
287,Alan Walker,Faded,Faded,7gHs73wELdeycvS48JfIos,2015-12-04,0.589,0.651,6,-5.097,1,0.0306,3.2e-06,0.111,0.166,90.011,212627,4
288,The Fray,How To Save A Life,How to Save a Life,5fVZC9GiM4e8vu99W0Xf6J,2005-09-13,0.64,0.743,10,-4.08,1,0.0379,0.0,0.101,0.361,122.035,262533,4
289,P!nk,Funhouse (Expanded Edition),So What,0JiY190vktuhSGN6aqJdrt,2008-10-24,0.534,0.87,11,-3.078,0,0.0425,0.0,0.241,0.462,126.019,215160,4
290,The Weeknd,"Earned It (Fifty Shades Of Grey) [From The ""Fifty Shades Of Grey"" Soundtrack]","Earned It (Fifty Shades Of Grey) - From The ""Fifty Shades Of Grey"" Soundtrack",2PIvq1pGrUjY007X5y1UpM,2014-12-23,0.659,0.381,2,-5.922,0,0.0304,0.0,0.0972,0.426,119.844,252227,3
291,Kesha,Warrior (Expanded Edition),Die Young,7EQGXaVSyEDsCWKmUcfpLk,2012-11-30,0.711,0.7,1,-4.805,0,0.046,0.000125,0.215,0.801,128.001,211920,4
292,BANNERS,Empires On Fire,Someone To You,14BH4qO7pgCmIe6mgLKOK3,2017-11-03,0.468,0.936,2,-3.683,1,0.0455,0.0,0.24,0.663,75.05,219800,4
293,Weezer,Weezer,Island In The Sun,2MLHyLy5z5l5YRp7momlgw,2001-05-15,0.654,0.81,4,-6.26,0,0.0288,0.00251,0.165,0.661,114.623,200307,4
294,Bruno Major,A Song For Every Moon,Easily,2k9N4caeCIJLOWwWwssrEM,2017-08-31,0.772,0.256,7,-8.545,0,0.0481,0.00612,0.144,0.357,118.902,210240,3
295,Avicii,True,Wake Me Up,4h8VwCb1MTGoLKueQ1WgbD,2013-09-13,0.532,0.783,2,-5.697,1,0.0523,0.0012,0.161,0.643,124.08,247427,4
296,Becky G,Shower,Shower,3DmW6y7wTEYHJZlLo1r6XJ,2014-04-23,0.699,0.529,2,-7.548,1,0.0487,3.59e-05,0.285,0.121,119.987,206167,4
297,Daya,"Sit Still, Look Pretty",Hide Away,0uyZ5ckiIUbFZd3P6RWmrj,2016-10-07,0.885,0.8,11,-4.714,0,0.0846,1.99e-06,0.0734,0.464,95.018,192376,4
298,B.o.B,Underground Luxury,HeadBand (feat. 2 Chainz),2LvRR121MWFmmEGkuV2vQP,2013-12-16,0.919,0.506,1,-7.14,1,0.304,0.0,0.0771,0.273,97.465,220240,4
299,Joel Adams,Please Don't Go,Please Don't Go,3cNjgVBKTJ1SvKhunrCdVy,2015-11-06,0.513,0.768,4,-4.868,0,0.0587,1.94e-05,0.294,0.235,84.264,210580,4
300,Rihanna,Good Girl Gone Bad: Reloaded,Disturbia,2VOomzT6VavJOGBeySqaMc,2008-06-02,0.707,0.813,11,-4.515,0,0.0571,0.0,0.168,0.722,124.921,238627,4
301,Neon Trees,Habits,Animal,1fBl642IhJOE5U319Gy2Go,2010-01-01,0.482,0.833,5,-5.611,1,0.0449,0.0,0.365,0.74,148.039,212293,4
302,Pitbull,Global Warming: Meltdown (Deluxe Version),Feel This Moment (feat. Christina Aguilera),0Hf4aIJpsN4Os2f0y0VqWl,2012,0.673,0.758,7,-3.632,1,0.158,0.0,0.341,0.542,135.956,229507,4
303,Far East Movement,Free Wired,Rocketeer,45sDIKapDyxPl307QpEAwl,2010-01-01,0.664,0.845,4,-6.115,0,0.0461,0.0,0.267,0.357,96.005,211253,4
304,Sean Kingston,Tomorrow,Fire Burning,2oENJa1T33GJ0w8dC167G4,2009-09-07,0.839,0.804,1,-2.513,1,0.0329,0.0,0.331,0.888,122.973,239987,4
305,American Authors,"Oh, What A Life",Best Day Of My Life,5Hroj5K7vLpIG4FNCRIjbP,2014-01-01,0.673,0.902,2,-2.392,1,0.0346,0.000262,0.0558,0.538,100.012,194240,4
306,Big Time Rush,BTR,Boyfriend,1rKBOL9kJfX1Y4C3QaOvRH,2010-10-11,0.614,0.857,1,-4.171,0,0.111,0.0,0.177,0.677,164.146,201040,4
307,Jason Derulo,Jason Derulo,Ridin' Solo,6BaxqcoEM9r3LXisTyJjST,2010-02-24,0.442,0.83,9,-4.02,1,0.146,0.0,0.129,0.578,89.338,215747,4
308,Wiz Khalifa,See You Again (feat. Charlie Puth),See You Again (feat. Charlie Puth),2JzZzZUQj3Qff7wapcbKjc,2015,0.689,0.481,10,-7.503,1,0.0815,1.03e-06,0.0649,0.283,80.025,229526,4
309,Pitbull,Planet Pit (Deluxe Version),Give Me Everything (feat. Nayer),4QNpBfC0zvjKqPJcyqBy9W,2011-06-17,0.671,0.939,8,-3.206,1,0.161,0.0,0.298,0.53,129.024,252307,4
310,Ed Sheeran,÷ (Deluxe),Shape of You,7qiZfU4dY1lWllzX7mPBI3,2017-03-03,0.825,0.652,1,-3.183,0,0.0802,0.0,0.0931,0.931,95.977,233713,4
311,HRVY,Talk To Ya - EP,Personal,33KJ2xFYONOlIYDBg6wPx8,2017-11-30,0.755,0.536,8,-5.605,1,0.12,0.0,0.0282,0.882,138.969,198040,4
312,Justin Bieber,My World 2.0,Somebody To Love,3rLIv187BhjyweFe89SgLn,2010-01-01,0.714,0.833,5,-5.239,1,0.0259,0.0,0.298,0.663,129.964,220920,4
313,Jordin Sparks,Jordin Sparks,No Air (feat. Chris Brown),1jUA4rb6ZCv4gby4YU53xq,2007-11-20,0.466,0.759,8,-4.978,0,0.199,0.0,0.0587,0.328,160.033,264373,4
314,WALK THE MOON,TALKING IS HARD (Expanded Edition),Shut Up and Dance,0kzw2tRyuL9rzipi5ntlIy,2014-12-02,0.578,0.866,1,-3.804,1,0.0619,0.0,0.257,0.619,128.038,199080,4
315,Sam Smith,"Fire On Fire (From ""Watership Down"")","Fire On Fire - From ""Watership Down""",5rFj8OzffT0iggSjcBaeND,2018-12-21,0.584,0.407,1,-7.356,0,0.046,0.0,0.18,0.341,115.124,246735,4
316,Uncle Kracker,No Stranger to Shame,Drift Away,0RFgvrhkf9FiDRLA0BhzpZ,2002-07-09,0.583,0.66,11,-5.078,1,0.0377,0.0,0.0979,0.861,151.956,255560,4
317,Maroon 5,V,Sugar,2iuZJX9X9P0GKaE93xcPjk,2014-09-02,0.748,0.788,1,-7.055,1,0.0334,0.0,0.0863,0.884,120.076,235493,4
318,Andy Grammer,Andy Grammer,Keep Your Head Up,4Jz4bjXeiF2SXVj9P4YfY5,2011-06-14,0.674,0.778,0,-5.367,1,0.0376,0.0,0.145,0.816,90.01,189933,4
319,Nico & Vinz,Black Star Elephant,Am I Wrong,1fidCEsYlaVE3pHwKCvpFZ,2014,0.729,0.675,8,-6.003,1,0.0312,1.58e-06,0.55,0.779,119.968,245867,4
320,Kesha,Cannibal (Expanded Edition),We R Who We R,3LUWWox8YYykohBbHUrrxd,2010-11-19,0.736,0.817,8,-4.9,1,0.0407,0.00167,0.117,0.653,119.95,204760,4
321,Justin Bieber,My World 2.0,Baby,6epn3r7S14KUqlReYr77hA,2010-01-01,0.728,0.859,5,-5.237,0,0.137,0.0,0.111,0.535,65.043,214240,4
322,Flo Rida,Wild Ones,Whistle,3bC1ahPIYt1btJzSSEyyrF,2012-06-22,0.747,0.937,0,-5.746,1,0.0453,0.0,0.29,0.739,103.976,224653,4
323,Taylor Swift,Red (Big Machine Radio Release Special),22,6ce41JVa6KFaryfmC2bu2W,2012-10-22,0.661,0.729,7,-6.561,1,0.0376,0.0013,0.0477,0.668,103.987,232120,4
324,Owl City,Ocean Eyes,Fireflies,3DamFFqW32WihKkTVlwTYQ,2009-01-01,0.512,0.662,3,-6.797,1,0.0439,0.0,0.118,0.472,180.114,228347,4
325,Miley Cyrus,Bangerz (Deluxe Version),We Can't Stop,2y4lAQpi5VTNLu2ldeTdUH,2013-10-04,0.613,0.622,1,-5.794,0,0.0334,0.0,0.37,0.484,80.003,231240,4
326,Neon Trees,Picture Show,Everybody Talks,2iUmqdfGZcHIhS3b9E9EWq,2012-01-01,0.471,0.924,8,-3.906,1,0.0586,0.0,0.313,0.725,154.961,177280,4
327,Flo Rida,Mail on Sunday,Low (feat. T-Pain),0CAfXk7DXMnon4gLudAp7J,2008-03-17,0.918,0.609,10,-5.64,0,0.0791,0.0,0.139,0.304,128.008,231400,4
328,Demi Lovato,Don't Forget,La La Land,0M9VqYG0wVun054JIdwFO8,2008-01-01,0.467,0.919,6,-2.255,0,0.069,0.0,0.0193,0.706,169.987,196467,4
329,Katy Perry,PRISM,Dark Horse,4jbmgIyjGoXjY01XxatOx6,2013-01-01,0.647,0.585,6,-6.123,1,0.0512,0.0,0.165,0.353,131.934,215672,4
